id,name,email,level,locate,lang,google_id,created_at,updated_at
1,Elliot Stamm,angelo.paucek@yahoo.com,0,,,,2015-07-29 08:42:49,2015-07-29 08:42:49
2,Rebeca Simonis,caitlyn.schimmel@yahoo.com,0,,,,2015-07-29 08:42:49,2015-07-29 08:42:49
3,Bernita Koss I,bechtelar.ervin@jakubowskikuhn.com,0,,,,2015-07-29 08:42:49,2015-07-29 08:42:49
4,Creola Beier,ibrahim.runolfsson@yahoo.com,0,,,,2015-07-29 08:42:49,2015-07-29 08:42:49
5,Miss Bryana Sawayn,adams.orlando@welchemard.net,0,,,,2015-07-29 08:42:49,2015-07-29 08:42:49
6,Demetrius Schinner,haag.ivy@gmail.com,0,,,,2015-07-29 08:42:49,2015-07-29 08:42:49
7,Kathleen Weber DVM,harold53@yahoo.com,0,,,,2015-07-29 08:43:20,2015-07-29 08:43:20
8,Flavie Maggio,isobel23@wolf.biz,0,,,,2015-07-29 08:43:20,2015-07-29 08:43:20
9,Eloise Johns,darion.casper@wilderman.com,0,,,,2015-07-29 08:43:20,2015-07-29 08:43:20
10,Mrs. Celia Stanton,vanessa81@gmail.com,0,,,,2015-07-29 08:43:20,2015-07-29 08:43:20
11,Taya Bayer PhD,jaleel.padberg@yahoo.com,0,,,,2015-07-29 08:43:20,2015-07-29 08:43:20
12,Miss Adolf Swift IV,kankunding@tremblay.com,0,,,,2015-07-29 08:43:20,2015-07-29 08:43:20
13,Jessy VonRueden,xconroy@yahoo.com,0,,,,2015-07-29 08:43:20,2015-07-29 08:43:20
14,Doug Ziemann,arden46@hoeger.com,0,,,,2015-07-29 08:43:20,2015-07-29 08:43:20
15,Tyree Maggio,hardy21@yahoo.com,0,,,,2015-07-29 08:43:20,2015-07-29 08:43:20
16,Shana Barrows,pcrooks@yahoo.com,0,,,,2015-07-29 08:43:20,2015-07-29 08:43:20
17,Maryjane Johnson,watson25@yahoo.com,0,,,,2015-07-29 08:44:19,2015-07-29 08:44:19
18,Jaunita Quigley,alfreda52@gmail.com,0,,,,2015-07-29 08:44:19,2015-07-29 08:44:19
19,Chet Skiles DDS,colin38@hotmail.com,0,,,,2015-07-29 08:44:19,2015-07-29 08:44:19
20,Christine Baumbach,runolfsdottir.eloise@hotmail.com,0,,,,2015-07-29 08:44:19,2015-07-29 08:44:19
21,Aylin Wilderman,kacie.yundt@hotmail.com,0,,,,2015-07-29 08:44:19,2015-07-29 08:44:19
22,Rosalyn Herman,mmcdermott@steuberborer.com,0,,,,2015-07-29 08:44:19,2015-07-29 08:44:19
23,Annabell Bernier,huel.chesley@hegmann.com,0,,,,2015-07-29 08:44:19,2015-07-29 08:44:19
24,Miss Dimitri Jacobson DVM,marvin.loyce@spencer.net,0,,,,2015-07-29 08:44:19,2015-07-29 08:44:19
25,Mrs. Keith Robel III,vita18@hotmail.com,0,,,,2015-07-29 08:44:19,2015-07-29 08:44:19
26,Christop Ruecker,tferry@gusikowski.biz,0,,,,2015-07-29 08:44:19,2015-07-29 08:44:19